"","baseMean","log2FoldChange","pvalue"
"1500012F01Rik",481.689566852344,1.08780165904886,3.45655628976288e-19
